{"accuracy": 0.867, "precision": 0.8573853989813243, "recall": 0.8826567093032494}