{"accuracy": 0.86596, "precision": 0.869321817018554, "recall": 0.8635894176531342}