{"accuracy": 0.86932, "precision": 0.8634378412104196, "recall": 0.8795582744101057}